{
  "observer": "MetricsObserver",
  "momentum_shifts": 27,
  "timing_started": true,
  "iteration_times": [
    4.76837158203125e-07,
    7.867813110351562e-05,
    0.00013303756713867188,
    0.0007436275482177734,
    0.0008246898651123047,
    0.5582423210144043,
    0.5585112571716309,
    0.558560848236084,
    0.5586967468261719,
    0.5944869518280029,
    0.594649076461792,
    0.5991508960723877,
    0.6021912097930908,
    0.6022593975067139,
    0.602325439453125,
    0.6025295257568359,
    0.6025745868682861,
    0.6026687622070312,
    0.6053082942962646,
    0.6053743362426758,
    0.6054255962371826,
    0.6074116230010986,
    0.6094985008239746,
    0.6125483512878418,
    0.612748384475708,
    0.6127955913543701,
    0.6128404140472412,
    0.6129856109619141,
    0.6130261421203613,
    0.6130659580230713,
    0.6135172843933105,
    0.613563060760498,
    0.6136031150817871,
    0.6165351867675781,
    0.6166164875030518,
    0.6166703701019287,
    0.616849422454834,
    0.6168973445892334,
    0.6169416904449463,
    0.6189830303192139,
    0.6190414428710938,
    0.643129825592041,
    0.6433897018432617,
    0.6434404850006104,
    0.6560771465301514,
    0.6587533950805664,
    0.6588137149810791,
    0.6588594913482666
  ]
}