{
  "observer": "MetricsObserver",
  "momentum_shifts": 0,
  "timing_started": true,
  "iteration_times": [
    7.152557373046875e-07,
    151.35345244407654,
    224.50579237937927,
    333.1480219364166,
    451.6300208568573,
    565.8384220600128
  ]
}