{
  "observer": "MetricsObserver",
  "momentum_shifts": 0,
  "timing_started": true,
  "iteration_times": [
    4.76837158203125e-07,
    77.72996807098389,
    240.30464577674866,
    314.82931423187256,
    456.1802091598511,
    521.7637960910797
  ]
}